<configuration scan="true" scanPeriod="60 seconds" debug="false">

	<!--定义日志文件的存储地址 勿在 LogBack 的配置中使用相对路径 -->
	<property name="LOG_HOME" value="D:/kmhealthcloud/modem-4.9.6/mlog" />
	
	
	<appender name="STDOUT" class="ch.qos.logback.core.ConsoleAppender">
		<!-- encoder 默认配置为PatternLayoutEncoder -->
		<encoder>
			<!--格式化输出：%d表示日期，%thread表示线程名，%-5level：级别从左显示5个字符宽度%msg：日志消息，%n是换行符 -->
			<pattern>%d{HH:mm:ss.SSS} [%thread] %-5level %logger{40} - %msg%n</pattern>
		</encoder>
	</appender>
	
	<!-- 按照每天生成日志文件 -->
	<appender name="ALL_INFO_FILE" class="ch.qos.logback.core.rolling.RollingFileAppender">
		<Encoding>UTF-8</Encoding>
		<rollingPolicy class="ch.qos.logback.core.rolling.TimeBasedRollingPolicy">
			<!--日志文件输出的文件名 -->
			<FileNamePattern>${LOG_HOME}/normal/%d{yyyy-MM-dd}.%i.log
			</FileNamePattern>
			<MaxHistory>30</MaxHistory>
			<!-- 日志大小分割 -->
			<timeBasedFileNamingAndTriggeringPolicy class="ch.qos.logback.core.rolling.SizeAndTimeBasedFNATP">
				<maxFileSize>50MB</maxFileSize>
			</timeBasedFileNamingAndTriggeringPolicy>
		</rollingPolicy>
		<layout class="ch.qos.logback.classic.PatternLayout">
			<!--格式化输出：%d表示日期，%thread表示线程名，%-5level：级别从左显示5个字符宽度%msg：日志消息，%n是换行符 -->
			<pattern>%d{yyyy-MM-dd HH:mm:ss.SSS} [%thread] %-5level %logger{50} - %msg%n</pattern>
		</layout>
	</appender>
	
	<appender name="EXCEPTION_FILE"	class="ch.qos.logback.core.rolling.RollingFileAppender">
		<Encoding>UTF-8</Encoding>
		<rollingPolicy class="ch.qos.logback.core.rolling.TimeBasedRollingPolicy">
			<!--日志文件输出的文件名 -->
			<FileNamePattern>${LOG_HOME}/exception/%d{yyyy-MM-dd}.%i.log
			</FileNamePattern>
			<MaxHistory>30</MaxHistory>
			<!-- 日志大小分割 -->
			<timeBasedFileNamingAndTriggeringPolicy	class="ch.qos.logback.core.rolling.SizeAndTimeBasedFNATP">
				<maxFileSize>50MB</maxFileSize>
			</timeBasedFileNamingAndTriggeringPolicy>
		</rollingPolicy>
		<layout class="ch.qos.logback.classic.PatternLayout">
			<!--格式化输出：%d表示日期，%thread表示线程名，%-5level：级别从左显示5个字符宽度%msg：日志消息，%n是换行符 -->
			<pattern>%d{yyyy-MM-dd HH:mm:ss.SSS} [%thread] %-5level %logger{50} - %msg%n</pattern>
		</layout>
	</appender>
	
	<appender name="STASH" class="net.logstash.logback.appender.LogstashSocketAppender">
		<host>117.48.192.55</host>
		<port>5001</port>
		<includeCallerData>true</includeCallerData>
		<jsonGeneratorDecorator class="com.kmhc.model.NonEscapingJsonGeneratorDecorator" />
		<customFields>
			{"application":"smartmodem","role":"kmhc-data-parser","instance":"120.132.126.13","component":"service"}
		</customFields>
	</appender>

	<logger name="exception" level="INFO" additivity="true">
		<appender-ref ref="EXCEPTION_FILE" />
	</logger>

	<!-- 日志输出级别 -->
	<!-- 日志输出级别 -->
	<root level="DEBUG">
		<appender-ref ref="STDOUT" />
		<appender-ref ref="ALL_INFO_FILE" />
		<appender-ref ref="EXCEPTION_FILE" />
		<appender-ref ref="STASH" />
	</root>

</configuration>
