<?xml version="1.0" encoding="UTF-8"?>
<beans xmlns="http://www.springframework.org/schema/beans"
	xmlns:context="http://www.springframework.org/schema/context"
	xmlns:xsi="http://www.w3.org/2001/XMLSchema-instance"
	xmlns:tx="http://www.springframework.org/schema/tx"
	xsi:schemaLocation="http://www.springframework.org/schema/beans http://www.springframework.org/schema/beans/spring-beans-3.0.xsd
		http://www.springframework.org/schema/tx http://www.springframework.org/schema/tx/spring-tx-3.0.xsd
		http://www.springframework.org/schema/context http://www.springframework.org/schema/context/spring-context-3.0.xsd">

	<context:property-placeholder location="classpath*:jdbc.properties" />
	<!--创建jdbc数据源 -->

	<bean id="dataSource" class="com.alibaba.druid.pool.DruidDataSource"
		init-method="init" destroy-method="close">

		<property name="driverClassName" value="${jdbc.DriverClassName}" />
		<property name="url" value="${jdbc.url}" />
		<property name="username" value="${jdbc.username}" />
		<property name="password" value="${jdbc.password}" />
		<property name="dbType" value="sqlserver" />

		<!-- 配置初始化大小、最小、最大 -->
		<property name="initialSize" value="2" />
		<property name="minIdle" value="10" />
		<property name="maxActive" value="60" />

		<!-- 配置获取连接等待超时的时间 -->
		<property name="maxWait" value="60000" />

		<!-- 配置间隔多久才进行一次检测，检测需要关闭的空闲连接，单位是毫秒 -->
		<property name="timeBetweenEvictionRunsMillis" value="60000" />

		<!-- 配置一个连接在池中最小生存的时间，单位是毫秒 -->
		<property name="minEvictableIdleTimeMillis" value="300000" />

		<property name="validationQuery" value="SELECT 'x'" />
		<property name="testWhileIdle" value="true" />
		<property name="testOnBorrow" value="false" />
		<property name="testOnReturn" value="false" />

		<!-- PSCache(Oracle)，并且指定每个连接上PSCache的大小 -->
		<property name="poolPreparedStatements" value="false" />
		<property name="maxPoolPreparedStatementPerConnectionSize"
			value="20" />

		<!-- 打开removeAbandoned功能 -->
		<property name="removeAbandoned" value="true" />
		<!-- 1800秒，也就是30分钟 -->
		<property name="removeAbandonedTimeout" value="1800" />
		<!-- 关闭abanded连接时输出错误日志 -->
		<property name="logAbandoned" value="true" />
	</bean>

	<!-- 创建SqlSessionFactory，同时指定数据源 -->

	<bean id="sqlSessionFactory" class="org.mybatis.spring.SqlSessionFactoryBean">
		<property name="dataSource" ref="dataSource" />
		<property name="mapperLocations"  value="classpath*:com/kmhc/model/mapper/*.xml"></property>
	</bean>
	
	<!-- spring与mybatis整合配置，扫描所有dao -->
	<bean class="org.mybatis.spring.mapper.MapperScannerConfigurer">
	    <property name="basePackage" value="com.kmhc.model.datacenter.dao" />
		<property name="sqlSessionFactoryBeanName" value="sqlSessionFactory" />
	</bean>
	
	<bean id="txManager"  
        class="org.springframework.jdbc.datasource.DataSourceTransactionManager">  
        <property name="dataSource" ref="dataSource" />  
    </bean>  
  
    <tx:annotation-driven transaction-manager="txManager" />  

</beans>
