<?xml version="1.0" encoding="UTF-8"?>
<beans xmlns="http://www.springframework.org/schema/beans"
       xmlns:xsi="http://www.w3.org/2001/XMLSchema-instance"
       xmlns:aop="http://www.springframework.org/schema/aop"
       xmlns:tx="http://www.springframework.org/schema/tx"
       xmlns:context="http://www.springframework.org/schema/context"
       xsi:schemaLocation="
       http://www.springframework.org/schema/beans http://www.springframework.org/schema/beans/spring-beans-4.0.xsd
       http://www.springframework.org/schema/aop http://www.springframework.org/schema/aop/spring-aop-4.0.xsd
       http://www.springframework.org/schema/tx http://www.springframework.org/schema/tx/spring-tx-4.0.xsd
       http://www.springframework.org/schema/context http://www.springframework.org/schema/context/spring-context-4.0.xsd
       ">

    <bean id="imeiCollectiontask" class="com.kmhc.model.task.ImeiCollectionTask" scope="singleton"/>

    <bean id="imeiCollectionJobDetail" class="org.springframework.scheduling.quartz.MethodInvokingJobDetailFactoryBean">
        <property name="targetObject">
            <ref bean="imeiCollectiontask"/>
        </property>
        <property name="targetMethod" value="process"/>
        <property name="concurrent" value="true"/>
    </bean>

    <bean id="trgger1" class="org.springframework.scheduling.quartz.CronTriggerFactoryBean">
        <property name="jobDetail" ref="imeiCollectionJobDetail"/>
        <property name="cronExpression" value="0 0/1 * * * ?"/>
    </bean>

    <bean class="org.springframework.scheduling.quartz.SchedulerFactoryBean" scope="singleton">
        <property name="jobDetails">
            <list>
                <ref bean="imeiCollectionJobDetail"/>
            </list>
        </property>
        <property name="triggers">
            <list>
                <ref bean="trgger1"/>
            </list>
        </property>
        <property name="quartzProperties">
            <props>
                <!-- 主要是这个参数 -->
                <prop key="org.quartz.scheduler.skipUpdateCheck">true</prop>
            </props>
        </property>
    </bean>
</beans>