<?xml version="1.0" encoding="UTF-8" ?>
<!DOCTYPE generatorConfiguration PUBLIC "-//mybatis.org//DTD MyBatis Generator Configuration 1.0//EN" "http://mybatis.org/dtd/mybatis-generator-config_1_0.dtd" >
<generatorConfiguration>
 <classPathEntry location="E:\maven-repo\com\hynnet\sqljdbc4-chs\4.0.2206.100\sqljdbc4-chs-4.0.2206.100.jar" />
 <context id="aisSnsTables" targetRuntime="MyBatis3">
 	<commentGenerator> 
	    <!-- 是否去除自动生成的注释 true：是 ： false:否 --> 
	    <property name="suppressAllComments" value="true" /> 
    </commentGenerator>
	  <jdbcConnection driverClass="com.microsoft.sqlserver.jdbc.SQLServerDriver"
	   connectionURL="jdbc:sqlserver://120.25.225.5:1433;DatabaseName=angelcare;useUnicode=true;characterEncoding=utf8" userId="sa"
	   password="yltest@km.2015" />
	  <javaModelGenerator targetPackage="com.kmhc.model.datacenter.model" targetProject="kmhc-datacenter\generator" />
	  <sqlMapGenerator targetPackage="com.kmhc.model.datacenter.mapper" targetProject="kmhc-datacenter\generator" />
	  <javaClientGenerator targetPackage="com.kmhc.model.datacenter.dao"  targetProject="kmhc-datacenter\generator" type="XMLMAPPER">
	   <property name="enableSubPackages" value="true" />

	  </javaClientGenerator>
	
    <table tableName="device_list"  enableCountByExample="false" enableUpdateByExample="false"	enableDeleteByExample="false" enableSelectByExample="false">
    		   <property name="useActualColumnNames" value="true" />
    </table>
 </context>
</generatorConfiguration>